{"Train Loss": 0.24320488223215428, "V Loss": 0.3538587926243379, "FK Loss": 1.4933650317351992, "Foot Loss": 0.22859166644331885, "_timestamp": 1702367037.4761748, "_runtime": 259.49909377098083, "_step": 0, "_wandb": {"runtime": 270}}