{"Train Loss": 1.739027738571167, "V Loss": 1.0233621994654338, "FK Loss": 35.32250448067983, "Foot Loss": 1.534091591835022, "_timestamp": 1702451133.2288957, "_runtime": 20.220250606536865, "_step": 0, "_wandb": {"runtime": 30}}