{"Train Loss": 0.2633126988643553, "V Loss": 0.3516036567043483, "FK Loss": 1.2753427017146979, "Foot Loss": 0.25624448545579986, "_timestamp": 1702446304.8105059, "_runtime": 258.65276288986206, "_step": 0, "_wandb": {"runtime": 2357}}